,val_acc,acc,val_loss,loss
0,0.3878205120563507,0.4715244486199358,24.96079841026893,25.32269620081608
